source,profile,workload,convert_jpg,convert_webp,side,concurrency,success,requests,seconds,success_rps,upload_mib_s,response_mib_s,p50_ms,p95_ms,p99_ms,error_pct,server_peak_rss_mib,cgroup_peak_mib,server_cpu_cores,estimated_10000_seconds,stored_minus_acknowledged,files_minus_rows,oom_killed
2026-09-25-batch.jsonl,native,upload,False,False,256,4,10000,10000,5.111439667,1956.3959767658155,489.97217202227057,0.9548576464428433,1.547,4.474,8.575,0,31.84375,,2.569532194765298,5.111439667,0,0,
2026-09-25-batch.jsonl,native,upload,False,False,724,4,10000,10000,23.577424,424.1345449782809,848.2072035645581,0.2074079147978393,8.395,13.99,20.538,0,30.5,,3.271333287118888,23.577424,0,0,
2026-09-25-batch.jsonl,1g,upload,False,False,256,4,10000,10000,43.686199,228.90524304941246,57.33131356797404,0.11301633158852678,6.904,12.746,22.051,0,25.8984375,1026.62890625,0.14914530045859278,43.686199,0,,False
2026-09-25-batch.jsonl,1g,upload,False,False,724,4,10000,10000,248.055089625,40.313625554378305,80.59895480175737,0.019944375176706903,44.999,62.538,2168.144,0,24.30078125,1030.49609375,0.1820009655747696,248.055089625,0,,False
2026-09-25-batch.jsonl,2g,upload,False,False,256,4,10000,10000,26.240250042,381.09392951645106,95.42503664757625,0.18817901108736954,7.338,15.594,28.005,0,26.3515625,2050.921875,0.21436177628102557,26.240250042,0,,False
2026-09-25-batch.jsonl,2g,upload,False,False,724,4,10000,10000,123.539737708,80.94561462997532,161.85093307652014,0.04004593023618667,45.943,61.008,153.818,0,23.82421875,2054.109375,0.2696895515237422,123.53973770800002,0,,False
2026-09-25-convert-jpg.jsonl,1g,upload,True,False,2828,4,52,52,21.216578666,2.4509135435361715,74.6301346180845,0.0012166927006875018,1573.29,1717.665,2324.068,0,142.3359375,500.53515625,0.9891296476389906,4080.111281923077,0,,False
2026-09-25-convert-jpg.jsonl,2g,upload,True,False,2828,4,53,53,21.466951083,2.468911388258181,75.17861500974075,0.0012259143210174364,1561.46,1624.706,2270.707,0,140.359375,503.10546875,0.9903730135042766,4050.368128867925,0,,False
2026-09-25-convert-webp.jsonl,1g,upload,False,True,2828,4,4,4,10.592282667,0.37763342668921623,11.499326000824228,0.00018907313252624372,6315.032,10592.185,10592.185,0,541.36328125,653.1796875,0.7879761501036626,26480.7066675,0,,False
2026-09-25-convert-webp.jsonl,2g,upload,False,True,2828,4,4,4,9.308917083,0.4296955235861778,13.08440359139387,0.00021472974239268984,4945.26,9308.845,9308.845,0,599.953125,721.48046875,0.8466997378081822,23272.2927075,0,,False
2026-09-25-download.jsonl,native,download,False,False,724,16,22996,22996,8.003585209,2873.2123666455236,0,5745.734225863455,5.669,6.968,7.642,0,33.1875,,2.0596990024507513,3.480424947382154,0,0,
2026-09-25-download.jsonl,native,download,False,False,724,64,16202,16202,8.022327042,2019.6135005686294,0,4038.23893567916,31.23,36.969,39.097,0,36.921875,,1.3424062953662246,4.951442440439452,0,0,
2026-09-25-download.jsonl,native,download,False,False,724,256,14173,14173,27.077647958,523.4206465045881,0,1046.476896845285,53.056,123.425,1480.374,0,59.140625,,0.3337314632546245,19.105092752416564,0,0,
2026-09-25-gallery.jsonl,native,gallery,False,False,256,16,30787,30787,8.003422791,3846.7291812473736,0,66.57642477157339,3.791,8.132,10.645,0,32.609375,,1.753551457690506,2.599611131646474,0,0,
2026-09-25-gallery.jsonl,native,gallery,False,False,256,64,31320,31320,8.014556167,3907.8895134530785,0,67.63867071119301,14.608,33.716,44.972,0,37.125,,1.7587120685753932,2.558925979246488,0,0,
2026-09-25-gallery.jsonl,native,gallery,False,False,256,256,31807,31807,8.056586208,3947.950059594273,0,68.32451794763305,57.632,135.557,178.227,0,47.703125,,1.7816044780558502,2.532960105637124,0,0,
2026-09-25-gallery.jsonl,1g,gallery,False,False,256,16,18768,18768,8.005663167,2344.3404510650953,0,40.91622790807944,6.31,12.627,16.618,0,23.5859375,286.06640625,1.0166045276096158,4.265592054028133,0,,False
2026-09-25-gallery.jsonl,1g,gallery,False,False,256,64,17791,17791,8.025376083,2216.8431505267818,0,38.669851366315235,25.975,58.701,77.056,0,25.84765625,288.5546875,1.0314390808488483,4.510919050643583,0,,False
2026-09-25-gallery.jsonl,1g,gallery,False,False,256,256,18160,18160,8.102516417,2241.2790132579375,0,39.10251452306815,101.486,236.701,314.787,0,35.86328125,299.3359375,1.0683439187916475,4.461738115088106,0,,False
2026-09-25-gallery.jsonl,2g,gallery,False,False,256,16,18276,18276,8.006500166,2282.6453033261573,0,39.83945054642869,6.397,13.088,18.023,0,23.9453125,286.03515625,1.0238865002560136,4.380882121908514,0,,False
2026-09-25-gallery.jsonl,2g,gallery,False,False,256,64,18259,18259,8.024931334,2275.284266002419,0,39.69795765544343,25.005,58.567,76.697,0,25.63671875,289.02734375,1.0371914274705578,4.39505522427296,0,,False
2026-09-25-gallery.jsonl,2g,gallery,False,False,256,256,18954,18954,8.094473625,2341.5975983243757,0,40.85049139609127,97.516,227.261,300.524,0,35.8828125,299.75390625,1.060377335675669,4.270588596074706,0,,False
2026-09-25-sweep.jsonl,native,upload,False,,256,1,10958,10958,8.000259333,1369.7055987672443,342.9802509852579,0.6685166609315699,0.634,1.029,2.445,0,30.765625,,0.8800229517109277,7.300838960576748,0,,
2026-09-25-sweep.jsonl,native,upload,False,,256,4,15103,15103,8.001605084,1887.4963012358535,472.6679003334204,0.921231212550284,1.681,4.143,8.026,0,34.0,,2.7503014846699583,5.298023627093954,0,,
2026-09-25-sweep.jsonl,native,upload,False,,256,16,16069,16069,8.00554025,2007.234927086901,502.652915314783,0.9796865743501479,6.817,13.004,26.801,0,32.390625,,3.385815165065948,4.9819778766569165,0,,
2026-09-25-sweep.jsonl,native,upload,False,,256,32,15417,15417,8.010678625,1924.5560484583787,481.8438055893719,0.9393210522557173,13.602,29.672,61.945,0,35.78125,,3.2340664637800733,5.196003518842836,0,,
2026-09-25-sweep.jsonl,native,upload,False,,256,64,12876,31685,8.180257541,1574.033572349602,394.12985485932046,0.768240685637272,26.025,40.224,54.184,59.36247435695124,74.984375,,3.190620517576959,6.35310464507611,15,,
2026-09-25-sweep.jsonl,native,upload,False,,256,128,8378,26597,8.190849167,1022.8487705223544,256.16871006433155,0.49921619031585845,46.713,109.19,327.6,68.5002067902395,78.03125,,2.087338567279636,9.776616336834566,4,,
2026-09-25-sweep.jsonl,native,upload,False,,724,1,2498,2498,8.001476041,312.19239890241647,624.1871051694195,0.1526727321299684,3.014,4.291,5.981,0,27.40625,,0.9920962382340464,32.031529387510005,0,,
2026-09-25-sweep.jsonl,native,upload,False,,724,4,3546,3546,8.013293583,442.51467430604936,884.7343602113152,0.21640032815479515,8.672,12.201,15.195,0,29.75,,3.5509048852895817,22.59812065143824,0,,
2026-09-25-sweep.jsonl,native,upload,False,,724,16,3100,3100,8.038064667,385.66497389936956,771.0287205976364,0.18860080774361374,38.919,59.183,87.303,0,30.203125,,3.222420262949024,25.929240861290324,0,,
2026-09-25-sweep.jsonl,native,upload,False,,724,32,3106,3106,8.078154375,384.493766250908,768.811525223564,0.18802443112005704,80.022,110.341,146.333,0,33.578125,,3.251484161331479,26.008224001931747,0,,
2026-09-25-sweep.jsonl,native,upload,False,,724,64,418,17744,8.061246042,51.85302592454974,103.67549119348523,0.02535600764080382,144.651,604.899,921.87,97.64427412082958,65.140625,,0.8632973506907108,192.8527761244019,4,,
2026-09-25-sweep.jsonl,native,upload,False,,724,128,156,17856,8.387229625,18.599705382455177,37.1874730496447,0.009095532056327687,812.385,1846.798,2034.936,99.1263440860215,64.65625,,0.42787823128474445,537.6429246794871,4,0,
2026-09-25-sweep.jsonl,1g,upload,False,,256,1,1949,1949,8.001746792,243.5718163374745,60.992838004108464,0.12027617655308771,2.926,4.842,7.377,0,22.19921875,542.04296875,0.14604069821520402,41.05565311441765,0,,False
2026-09-25-sweep.jsonl,1g,upload,False,,256,4,2915,2915,8.002717125,364.25128546574734,91.19829843374683,0.17981024985884383,4.997,9.339,12.118,0,25.56640625,793.5546875,0.2086737973852866,27.45357504288165,0,,False
2026-09-25-sweep.jsonl,1g,upload,False,,256,16,3555,3555,8.338320708,426.3448390260693,106.76348479410674,0.21051670911108084,19.889,29.263,118.029,0,26.09765625,964.05078125,0.2584927744408579,23.455191864978904,0,,False
2026-09-25-sweep.jsonl,1g,upload,False,,256,32,2944,2944,8.030061875,366.622330665416,91.80382930579847,0.1810477950953824,37.464,49.448,2376.587,0,25.61328125,800.59765625,0.22678036244219746,27.276025390624998,0,,False
2026-09-25-sweep.jsonl,1g,upload,False,,256,64,4329,4966,8.068452333,536.5341234395565,134.37964836913446,0.26487705637194386,54.27,309.139,430.033,12.827225130890053,28.0234375,1025.25,0.3089237882046516,18.63814352737353,0,,False
2026-09-25-sweep.jsonl,1g,upload,False,,256,128,2409,3618,8.132029166,296.23602557551374,74.15703829702585,0.146282466980993,59.695,997.395,2483.355,33.41625207296849,31.51171875,686.2421875,0.21763258064619362,33.75686660855127,0,,False
2026-09-25-sweep.jsonl,1g,upload,False,,724,1,338,338,8.003432167,42.2318816411854,84.42928748787918,0.020894623111818368,15.976,23.787,58.286,0,22.87109375,715.3203125,0.18493650205941498,236.78793393491125,0,,False
2026-09-25-sweep.jsonl,1g,upload,False,,724,4,296,296,8.0135095,36.937623896246706,73.861826510007,0.018272299694956726,46.67,61.049,2589.03,0,23.0546875,629.08203125,0.17678921786327698,270.7266722972973,0,,False
2026-09-25-sweep.jsonl,1g,upload,False,,724,16,548,548,8.131563375,67.39171481892312,134.76472714130585,0.03333371567772073,179.725,219.001,2167.938,0,22.58203125,1033.30859375,0.1794756000676738,148.38619297445254,0,,False
2026-09-25-sweep.jsonl,1g,upload,False,,724,32,426,426,9.6048525,44.35258115624368,88.67627283482459,0.021935739739650805,360.075,3099.086,3130.408,0,22.859375,898.45703125,0.14977678854031437,225.46602112676055,0,,False
2026-09-25-sweep.jsonl,1g,upload,False,,724,64,363,738,10.043597875,36.14242669985431,72.27006658305991,0.017883628622105654,660.948,2772.503,3210.796,50.8130081300813,22.59765625,768.2734375,0.15790380474122084,276.6831370523416,0,,False
2026-09-25-sweep.jsonl,1g,upload,False,,724,128,448,852,9.357696084,47.875032056875675,95.72910746424373,0.02368303590481834,712.243,2838.111,4509.503,47.417840375586856,26.09765625,947.625,0.14274925105337377,208.87714473214288,0,,False
2026-09-25-sweep.jsonl,2g,upload,False,,256,1,2675,2675,8.001703541,334.30381246862544,83.70284226716791,0.16507424463786188,2.925,4.626,7.274,0,24.99609375,729.46875,0.1689163992912972,29.912910433644857,0,,False
2026-09-25-sweep.jsonl,2g,upload,False,,256,4,3635,3635,8.005786458,454.0465848133668,113.69351148122486,0.2242133112603203,6.016,11.732,16.267,0,26.11328125,984.74609375,0.2051360643482189,22.024171823933973,0,,False
2026-09-25-sweep.jsonl,2g,upload,False,,256,16,3016,3016,8.02632225,375.7636319673061,94.07242468964527,0.18556549894841218,29.658,45.55,188.316,0,25.421875,820.38671875,0.16964207230627085,26.612474303713526,0,,False
2026-09-25-sweep.jsonl,2g,upload,False,,256,32,3324,3324,8.073135458,411.73593795036754,103.09890252304106,0.20332307133886734,58.744,82.582,518.855,0,25.8203125,902.55859375,0.1895304674648156,24.28741112515042,0,,False
2026-09-25-sweep.jsonl,2g,upload,False,,256,64,3736,5930,8.15110825,458.3425818200856,114.77972209450974,0.22632446662093847,83.181,181.824,490.994,36.99831365935919,27.59375,1028.859375,0.2577457013709805,21.817741568522486,0,,False
2026-09-25-sweep.jsonl,2g,upload,False,,256,128,4213,5460,8.167877625,515.8010677222898,129.16031089106497,0.2546329893368605,53.92,1027.894,1092.108,22.83882783882784,31.69140625,1178.24609375,0.27407980712680646,19.387319309280798,0,,False
2026-09-25-sweep.jsonl,2g,upload,False,,724,1,502,502,8.000401,62.74685481390245,125.47156880417253,0.031045072817751377,15.504,19.751,22.228,0,22.51171875,1053.640625,0.15814440804471372,159.37053784860558,0,,False
2026-09-25-sweep.jsonl,2g,upload,False,,724,4,689,689,8.032786125,85.77347750560209,171.4887134378857,0.04243660958658964,45.423,58.557,125.737,0,23.19921875,1439.703125,0.18914653277720228,116.58615566037734,0,,False
2026-09-25-sweep.jsonl,2g,upload,False,,724,16,552,552,9.576928792,57.638519820791416,115.23103111088024,0.028516040008865356,176.678,323.321,3466.146,0,23.140625,1157.66796875,0.17519360753913454,173.4950868115942,0,,False
2026-09-25-sweep.jsonl,2g,upload,False,,724,32,489,489,9.609046041,50.889546986613304,101.73522099646965,0.025174042839423722,346.995,2507.658,2654.247,0,23.07421875,1027.2890625,0.15588315687458856,196.5040090184049,0,,False
2026-09-25-sweep.jsonl,2g,upload,False,,724,64,494,892,8.452125084,58.446839710778704,116.86625571060303,0.028915807798054884,689.086,1247.833,1290.156,44.61883408071749,22.96875,1038.37109375,0.18719205458583257,171.0956494736842,0,,False
2026-09-25-sweep.jsonl,2g,upload,False,,724,128,460,866,9.211779709,49.936061709180414,99.85121703571396,0.024705641983188538,1528.787,3992.242,4373.063,46.88221709006928,26.34375,973.47265625,0.15190841700415553,200.25608063043478,0,,False
2026-09-25-webp-sustained.jsonl,1g,upload,False,True,2828,4,16,16,37.560358166,0.4259810284366073,12.970745643522287,0.00021317820040904012,8529.067,10117.192,10117.192,0,595.359375,859.734375,0.956283880060703,23475.223853749998,0,,False
2026-09-25-webp-sustained.jsonl,2g,upload,False,True,2828,4,16,16,37.47504275,0.426950813818618,13.000869222032108,0.00021361262388190505,8953.682,10015.663,10015.663,0,600.65234375,859.91796875,0.9813205171719102,23421.90171875,0,,False
